{
  "timestamp": 1736288123.4260962,
  "tests": {
    "protocol": true,
    "safety_validator": true
  },
  "metrics": {
    "passed": 2,
    "failed": 0,
    "performance": {
      "protocol": {
        "time": 0.09127378463745117,
        "memory": 11464704
      },
      "safety_validator": {
        "time": 0.00016307830810546875,
        "memory": 0
      }
    }
  }
}